{
  "datasets": [
    {
      "dataset_name": "synthetic_high",
      "nonstationarity_index": 0.1947839470323046,
      "cts_mean_score": 6.630332734596696,
      "fixed_mean_score": 6.416126093081229,
      "ensemble_mean_score": 6.710119146799508,
      "random_mean_score": 6.574823426956474,
      "cts_coverage": 0.96,
      "improvement_over_fixed_pct": -3.338566580641562,
      "improvement_over_ensemble_pct": 1.1890461325244295,
      "n_steps": 100,
      "elapsed_seconds": 0.9823304080055095,
      "nonstationarity_details": {
        "composite_index": 0.1947839470323046,
        "predictable_ns": 0.0,
        "context_predictability": 0.5,
        "score_gap": 0.25271280424033554,
        "spec_diversity": 0.5948505288010196
      },
      "aci_mean_score": 7.2677582262418605,
      "best_fixed_mean_score": 6.351212620292596,
      "cts_score_ci": null,
      "fixed_score_ci": null,
      "improvement_ci": null,
      "dm_statistic": null,
      "dm_pvalue": null,
      "n_seeds": 1
    },
    {
      "dataset_name": "synthetic_low",
      "nonstationarity_index": 0.24904385568647752,
      "cts_mean_score": 7.595256665569456,
      "fixed_mean_score": 7.3967660765957355,
      "ensemble_mean_score": 7.460950641889786,
      "random_mean_score": 7.380725828467215,
      "cts_coverage": 0.93,
      "improvement_over_fixed_pct": -2.6834779810293248,
      "improvement_over_ensemble_pct": -1.8001194502693152,
      "n_steps": 100,
      "elapsed_seconds": 0.046431819995632395,
      "nonstationarity_details": {
        "composite_index": 0.24904385568647752,
        "predictable_ns": 0.0,
        "context_predictability": 0.26666666666666666,
        "score_gap": 0.18513275916008426,
        "spec_diversity": 0.9675201396922612
      },
      "aci_mean_score": 7.12682073012097,
      "best_fixed_mean_score": 7.263369263713031,
      "cts_score_ci": null,
      "fixed_score_ci": null,
      "improvement_ci": null,
      "dm_statistic": null,
      "dm_pvalue": null,
      "n_seeds": 1
    },
    {
      "dataset_name": "ETTh1",
      "nonstationarity_index": 0.2869987510360241,
      "cts_mean_score": 7.66533440465019,
      "fixed_mean_score": 7.674754987018446,
      "ensemble_mean_score": 8.500311775037222,
      "random_mean_score": 9.316368599094098,
      "cts_coverage": 0.9,
      "improvement_over_fixed_pct": 0.12274766274869632,
      "improvement_over_ensemble_pct": 9.82290288268017,
      "n_steps": 80,
      "elapsed_seconds": 3.6259624089871068,
      "nonstationarity_details": {
        "composite_index": 0.2869987510360241,
        "predictable_ns": 0.0,
        "context_predictability": 0.2916666666666667,
        "score_gap": 0.650592419909696,
        "spec_diversity": 0.45910512531557685
      },
      "aci_mean_score": 7.582281430562335,
      "best_fixed_mean_score": 7.176626225880215,
      "cts_score_ci": null,
      "fixed_score_ci": null,
      "improvement_ci": null,
      "dm_statistic": null,
      "dm_pvalue": null,
      "n_seeds": 1
    }
  ],
  "correlation": {
    "pearson_r": 0.902078278416006,
    "pearson_p": 0.2840821469864332,
    "spearman_r": 1.0,
    "spearman_p": 0.0
  }
}