{
  "datasets": [
    {
      "dataset_name": "synthetic_high",
      "nonstationarity_index": 0.2914446039548983,
      "cts_mean_score": 7.1159410181016955,
      "fixed_mean_score": 7.069283229561094,
      "ensemble_mean_score": 7.1797828417799066,
      "random_mean_score": 7.169367167868105,
      "cts_coverage": 0.8960000000000001,
      "improvement_over_fixed_pct": -0.5607523664544457,
      "improvement_over_ensemble_pct": 0.8891887830743275,
      "n_steps": 500,
      "elapsed_seconds": 4.007791829993948,
      "nonstationarity_details": {
        "composite_index": 0.2914446039548983,
        "predictable_ns": 0.0,
        "context_predictability": 0.2786666666666667,
        "score_gap": 0.33831616113383356,
        "spec_diversity": 0.9497487780737413
      },
      "aci_mean_score": 7.198573543186114,
      "best_fixed_mean_score": 6.99663039908428,
      "cts_score_ci": [
        6.32801564716554,
        7.9645698719008875
      ],
      "fixed_score_ci": [
        6.364718493125445,
        7.850795993567967
      ],
      "improvement_ci": [
        -1.7121365720573585,
        0.5154991323699687
      ],
      "dm_statistic": 1.0286132380332755,
      "dm_pvalue": 0.8481692726237877,
      "n_seeds": 10
    },
    {
      "dataset_name": "synthetic_medium",
      "nonstationarity_index": 0.2985088244709722,
      "cts_mean_score": 6.902086390854843,
      "fixed_mean_score": 6.819231031537685,
      "ensemble_mean_score": 7.0266229307839065,
      "random_mean_score": 7.026194999411574,
      "cts_coverage": 0.8972000000000001,
      "improvement_over_fixed_pct": -1.1578425828861276,
      "improvement_over_ensemble_pct": 1.7723526814488095,
      "n_steps": 500,
      "elapsed_seconds": 3.1508718349796254,
      "nonstationarity_details": {
        "composite_index": 0.2985088244709722,
        "predictable_ns": 0.0,
        "context_predictability": 0.31533333333333335,
        "score_gap": 0.3768817145789507,
        "spec_diversity": 0.9272215504864352
      },
      "aci_mean_score": 6.882740560809533,
      "best_fixed_mean_score": 6.771459628680344,
      "cts_score_ci": [
        6.1123013506133415,
        7.876811466954915
      ],
      "fixed_score_ci": [
        6.028658261597805,
        7.779845505147223
      ],
      "improvement_ci": [
        -2.460538126378308,
        -0.0947004116486576
      ],
      "dm_statistic": 1.8173831578451531,
      "dm_pvalue": 0.9654207676087291,
      "n_seeds": 10
    },
    {
      "dataset_name": "synthetic_low",
      "nonstationarity_index": 0.30414750002513796,
      "cts_mean_score": 6.199700323072735,
      "fixed_mean_score": 6.14429823871175,
      "ensemble_mean_score": 6.333778543031944,
      "random_mean_score": 6.368128385612429,
      "cts_coverage": 0.8960000000000001,
      "improvement_over_fixed_pct": -0.8656540360579423,
      "improvement_over_ensemble_pct": 2.1168757172082304,
      "n_steps": 500,
      "elapsed_seconds": 3.162734974990599,
      "nonstationarity_details": {
        "composite_index": 0.30414750002513796,
        "predictable_ns": 0.02139366010333751,
        "context_predictability": 0.32,
        "score_gap": 0.34264178102052634,
        "spec_diversity": 0.9532906783365565
      },
      "aci_mean_score": 6.2297205228489405,
      "best_fixed_mean_score": 6.105013826851841,
      "cts_score_ci": [
        5.555113265533341,
        6.743806411753172
      ],
      "fixed_score_ci": [
        5.555748566292484,
        6.6579796183686275
      ],
      "improvement_ci": [
        -2.360571034624265,
        0.4943905243888597
      ],
      "dm_statistic": 1.5213873901980406,
      "dm_pvalue": 0.9359186743065119,
      "n_seeds": 10
    },
    {
      "dataset_name": "gefcom_solar",
      "nonstationarity_index": 0.44354125190990257,
      "cts_mean_score": 29.794193410079497,
      "fixed_mean_score": 31.788425659041998,
      "ensemble_mean_score": 29.61551160292212,
      "random_mean_score": 30.506043886516533,
      "cts_coverage": 0.0,
      "improvement_over_fixed_pct": 6.488199292782428,
      "improvement_over_ensemble_pct": -0.6033385799749009,
      "n_steps": 450,
      "elapsed_seconds": 51.60765608100337,
      "nonstationarity_details": {
        "composite_index": 0.44354125190990257,
        "predictable_ns": 0.11481404071523868,
        "context_predictability": 0.6244444444444444,
        "score_gap": 1.3125083653448342,
        "spec_diversity": 0.430671157761416
      },
      "aci_mean_score": 28.64904794609621,
      "best_fixed_mean_score": 28.005301841409796,
      "cts_score_ci": [
        24.17196140258509,
        34.9145209812663
      ],
      "fixed_score_ci": [
        26.09012977016529,
        37.17118461878976
      ],
      "improvement_ci": [
        1.23668675332921,
        11.902810356546121
      ],
      "dm_statistic": -2.81124025444743,
      "dm_pvalue": 0.0024675459871990137,
      "n_seeds": 10
    },
    {
      "dataset_name": "gefcom_wind",
      "nonstationarity_index": 0.39955203081360413,
      "cts_mean_score": 85.91352635187374,
      "fixed_mean_score": 86.74155771974185,
      "ensemble_mean_score": 131.08103695616046,
      "random_mean_score": 136.12434686268293,
      "cts_coverage": 0.0,
      "improvement_over_fixed_pct": 2.1935811055766914,
      "improvement_over_ensemble_pct": 34.45770010149712,
      "n_steps": 450,
      "elapsed_seconds": 51.37613817601232,
      "nonstationarity_details": {
        "composite_index": 0.39955203081360413,
        "predictable_ns": 0.0,
        "context_predictability": 0.29777777777777775,
        "score_gap": 2.4553663123403546,
        "spec_diversity": 0.4977601540680204
      },
      "aci_mean_score": 163.6492173129996,
      "best_fixed_mean_score": 89.26354221324536,
      "cts_score_ci": [
        68.0450019592757,
        102.18361035930022
      ],
      "fixed_score_ci": [
        71.1067463986085,
        100.83167730837228
      ],
      "improvement_ci": [
        -2.6757951750420634,
        7.248640772009795
      ],
      "dm_statistic": -0.5665757483352402,
      "dm_pvalue": 0.2855012277799204,
      "n_seeds": 10
    },
    {
      "dataset_name": "ETTh1",
      "nonstationarity_index": 0.36827324308006404,
      "cts_mean_score": 9.066996668536417,
      "fixed_mean_score": 8.653215923161408,
      "ensemble_mean_score": 10.455268469250687,
      "random_mean_score": 10.441052017175608,
      "cts_coverage": 0.8860294563306867,
      "improvement_over_fixed_pct": -4.78181463457331,
      "improvement_over_ensemble_pct": 13.27820327901759,
      "n_steps": 16499,
      "elapsed_seconds": 80.14232436599559,
      "nonstationarity_details": {
        "composite_index": 0.36827324308006404,
        "predictable_ns": 0.0,
        "context_predictability": 0.5482828282828283,
        "score_gap": 0.6930123339514973,
        "spec_diversity": 0.8018477144730742
      },
      "aci_mean_score": 8.458146323107519,
      "best_fixed_mean_score": 8.527169970589933,
      "cts_score_ci": [
        9.054452156088002,
        9.07867554604326
      ],
      "fixed_score_ci": [
        8.653215923161408,
        8.653215923161408
      ],
      "improvement_ci": [
        -4.919546697066636,
        -4.63212645714479
      ],
      "dm_statistic": 28.58622405238876,
      "dm_pvalue": 1.0,
      "n_seeds": 10
    },
    {
      "dataset_name": "ETTh2",
      "nonstationarity_index": 0.332582380381368,
      "cts_mean_score": 18.16021382541012,
      "fixed_mean_score": 17.810046501268978,
      "ensemble_mean_score": 20.266328140635892,
      "random_mean_score": 20.239512476030452,
      "cts_coverage": 0.8946905873083215,
      "improvement_over_fixed_pct": -1.966122458558249,
      "improvement_over_ensemble_pct": 10.392185010577766,
      "n_steps": 16499,
      "elapsed_seconds": 72.47696530798567,
      "nonstationarity_details": {
        "composite_index": 0.332582380381368,
        "predictable_ns": 0.0,