{
  "datasets": [
    {
      "dataset_name": "synthetic_high",
      "nonstationarity_index": 0.2914446039548983,
      "cts_mean_score": 7.091319754732263,
      "fixed_mean_score": 7.069283229561094,
      "ensemble_mean_score": 7.1797828417799066,
      "random_mean_score": 7.169367167868105,
      "cts_coverage": 0.8964000000000001,
      "improvement_over_fixed_pct": -0.11269423326699901,
      "improvement_over_ensemble_pct": 1.2321136864036535,
      "n_steps": 500,
      "elapsed_seconds": 1.700264007988153,
      "nonstationarity_details": {
        "composite_index": 0.2914446039548983,
        "predictable_ns": 0.0,
        "context_predictability": 0.2786666666666667,
        "score_gap": 0.33831616113383356,
        "spec_diversity": 0.9497487780737413
      },
      "aci_mean_score": 7.198573543186114,
      "best_fixed_mean_score": 6.99663039908428,
      "cts_score_ci": [
        6.300128285768895,
        8.01590387911948
      ],
      "fixed_score_ci": [
        6.364718493125445,
        7.850795993567967
      ],
      "improvement_ci": [
        -1.7098753730672716,
        1.3256372759192865
      ],
      "dm_statistic": 0.47860303726683834,
      "dm_pvalue": 0.6838894713977934,
      "n_seeds": 10
    },
    {
      "dataset_name": "synthetic_medium",
      "nonstationarity_index": 0.2985088244709722,
      "cts_mean_score": 6.918470978972621,
      "fixed_mean_score": 6.819231031537685,
      "ensemble_mean_score": 7.0266229307839065,
      "random_mean_score": 7.026194999411574,
      "cts_coverage": 0.8977999999999999,
      "improvement_over_fixed_pct": -1.4212597367600637,
      "improvement_over_ensemble_pct": 1.5391739798282325,
      "n_steps": 500,
      "elapsed_seconds": 1.1890286370180547,
      "nonstationarity_details": {
        "composite_index": 0.2985088244709722,
        "predictable_ns": 0.0,
        "context_predictability": 0.31533333333333335,
        "score_gap": 0.3768817145789507,
        "spec_diversity": 0.9272215504864352
      },
      "aci_mean_score": 6.882740560809533,
      "best_fixed_mean_score": 6.771459628680344,
      "cts_score_ci": [
        6.129595802522425,
        7.884277408437945
      ],
      "fixed_score_ci": [
        6.028658261597805,
        7.779845505147223
      ],
      "improvement_ci": [
        -2.5927386143865716,
        -0.3445602485709107
      ],
      "dm_statistic": 1.9830571822626766,
      "dm_pvalue": 0.9763194786874061,
      "n_seeds": 10
    },
    {
      "dataset_name": "synthetic_low",
      "nonstationarity_index": 0.30414750002513796,
      "cts_mean_score": 6.2355189516137495,
      "fixed_mean_score": 6.14429823871175,
      "ensemble_mean_score": 6.333778543031944,
      "random_mean_score": 6.368128385612429,
      "cts_coverage": 0.8958,
      "improvement_over_fixed_pct": -1.374233463022976,
      "improvement_over_ensemble_pct": 1.551358178228049,
      "n_steps": 500,
      "elapsed_seconds": 1.1981701529875863,
      "nonstationarity_details": {
        "composite_index": 0.30414750002513796,
        "predictable_ns": 0.02139366010333751,
        "context_predictability": 0.32,
        "score_gap": 0.34264178102052634,
        "spec_diversity": 0.9532906783365565
      },
      "aci_mean_score": 6.2297205228489405,
      "best_fixed_mean_score": 6.105013826851841,
      "cts_score_ci": [
        5.570015211670962,
        6.796427504281615
      ],
      "fixed_score_ci": [
        5.555748566292484,
        6.6579796183686275
      ],
      "improvement_ci": [
        -2.6968134968690296,
        -0.11940010900483504
      ],
      "dm_statistic": 2.5756412224083434,
      "dm_pvalue": 0.9949972797361724,
      "n_seeds": 10
    },
    {
      "dataset_name": "gefcom_solar",
      "nonstationarity_index": 0.44354125190990257,
      "cts_mean_score": 30.502452967441563,
      "fixed_mean_score": 31.788425659041998,
      "ensemble_mean_score": 29.61551160292212,
      "random_mean_score": 30.506043886516533,
      "cts_coverage": 0.0,
      "improvement_over_fixed_pct": 3.477924126363593,
      "improvement_over_ensemble_pct": -2.994854103522902,
      "n_steps": 450,
      "elapsed_seconds": 23.309071596013382,
      "nonstationarity_details": {
        "composite_index": 0.44354125190990257,
        "predictable_ns": 0.11481404071523868,
        "context_predictability": 0.6244444444444444,
        "score_gap": 1.3125083653448342,
        "spec_diversity": 0.430671157761416
      },
      "aci_mean_score": 28.64904794609621,
      "best_fixed_mean_score": 28.005301841409796,
      "cts_score_ci": [
        25.167216510257745,
        35.023777003969364
      ],
      "fixed_score_ci": [
        26.09012977016529,
        37.17118461878976
      ],
      "improvement_ci": [
        -0.6969209604477394,
        7.832883931251197
      ],
      "dm_statistic": -1.8737224396867593,
      "dm_pvalue": 0.03048434569484019,
      "n_seeds": 10
    },
    {
      "dataset_name": "gefcom_wind",
      "nonstationarity_index": 0.39955203081360413,
      "cts_mean_score": 79.65853172833928,
      "fixed_mean_score": 86.74155771974185,
      "ensemble_mean_score": 131.08103695616046,
      "random_mean_score": 136.12434686268293,
      "cts_coverage": 0.0,
      "improvement_over_fixed_pct": 8.845006008682912,
      "improvement_over_ensemble_pct": 39.2295532762827,
      "n_steps": 450,
      "elapsed_seconds": 23.37407435599016,
      "nonstationarity_details": {
        "composite_index": 0.39955203081360413,
        "predictable_ns": 0.0,
        "context_predictability": 0.29777777777777775,
        "score_gap": 2.4553663123403546,
        "spec_diversity": 0.4977601540680204
      },
      "aci_mean_score": 163.6492173129996,
      "best_fixed_mean_score": 89.26354221324536,
      "cts_score_ci": [
        63.5213962809055,
        94.30766705192734
      ],
      "fixed_score_ci": [
        71.1067463986085,
        100.83167730837228
      ],
      "improvement_ci": [
        4.086959353819959,
        13.473950585882276
      ],
      "dm_statistic": -4.6471948143177775,
      "dm_pvalue": 1.6823968256002986e-06,
      "n_seeds": 10
    },
    {
      "dataset_name": "ETTh1",
      "nonstationarity_index": 0.36827324308006404,
      "cts_mean_score": 9.020072084296952,
      "fixed_mean_score": 8.653215923161408,
      "ensemble_mean_score": 10.455268469250687,
      "random_mean_score": 10.441052017175608,
      "cts_coverage": 0.894993635977938,
      "improvement_over_fixed_pct": -4.239535502096589,
      "improvement_over_ensemble_pct": 13.727016089300433,
      "n_steps": 16499,
      "elapsed_seconds": 52.73276287599583,
      "nonstationarity_details": {
        "composite_index": 0.36827324308006404,
        "predictable_ns": 0.0,
        "context_predictability": 0.5482828282828283,
        "score_gap": 0.6930123339514973,
        "spec_diversity": 0.8018477144730742
      },
      "aci_mean_score": 8.458146323107519,
      "best_fixed_mean_score": 8.527169970589933,
      "cts_score_ci": [
        9.006061893478826,
        9.035063497804282
      ],
      "fixed_score_ci": [
        8.653215923161408,
        8.653215923161408
      ],
      "improvement_ci": [
        -4.402374300758515,
        -4.085775395391352
      ],
      "dm_statistic": 24.182607337809724,
      "dm_pvalue": 1.0,
      "n_seeds": 10
    },
    {
      "dataset_name": "ETTh2",
      "nonstationarity_index": 0.332582380381368,
      "cts_mean_score": 17.989083694746103,
      "fixed_mean_score": 17.810046501268978,
      "ensemble_mean_score": 20.266328140635892,
      "random_mean_score": 20.239512476030452,
      "cts_coverage": 0.9017879871507365,
      "improvement_over_fixed_pct": -1.005259550918943,
      "improvement_over_ensemble_pct": 11.236591207282327,
      "n_steps": 16499,
      "elapsed_seconds": 53.45024989597732,
      "nonstationarity_details": {
        "composite_index": 0.332582380381368,
        "predictable_ns": 0.0,