{
  "datasets": [
    {
      "dataset_name": "synthetic_high",
      "nonstationarity_index": 0.2914446039548983,
      "cts_mean_score": 7.066143802175249,
      "fixed_mean_score": 7.069283229561094,
      "ensemble_mean_score": 7.1797828417799066,
      "random_mean_score": 7.169367167868105,
      "cts_coverage": 0.8972000000000001,
      "improvement_over_fixed_pct": -0.08508051366624665,
      "improvement_over_ensemble_pct": 1.5827642995462774,
      "n_steps": 500,
      "elapsed_seconds": 3.49356735101901,
      "nonstationarity_details": {
        "composite_index": 0.2914446039548983,
        "predictable_ns": 0.0,
        "context_predictability": 0.2786666666666667,
        "score_gap": 0.33831616113383356,
        "spec_diversity": 0.9497487780737413
      },
      "aci_mean_score": 7.198573543186114,
      "best_fixed_mean_score": 6.99663039908428,
      "cts_score_ci": [
        6.345927697227542,
        7.8479646888625165
      ],
      "fixed_score_ci": [
        6.364718493125445,
        7.850795993567967
      ],
      "improvement_ci": [
        -1.3481208219695735,
        1.1179852367014325
      ],
      "dm_statistic": -0.06975676414860636,
      "dm_pvalue": 0.4721936302580242,
      "n_seeds": 10
    },
    {
      "dataset_name": "synthetic_medium",
      "nonstationarity_index": 0.2985088244709722,
      "cts_mean_score": 6.824765087454064,
      "fixed_mean_score": 6.819231031537685,
      "ensemble_mean_score": 7.0266229307839065,
      "random_mean_score": 7.026194999411574,
      "cts_coverage": 0.8994000000000002,
      "improvement_over_fixed_pct": -0.27128140247405713,
      "improvement_over_ensemble_pct": 2.8727575866561312,
      "n_steps": 500,
      "elapsed_seconds": 2.5192614950065035,
      "nonstationarity_details": {
        "composite_index": 0.2985088244709722,
        "predictable_ns": 0.0,
        "context_predictability": 0.31533333333333335,
        "score_gap": 0.3768817145789507,
        "spec_diversity": 0.9272215504864352
      },
      "aci_mean_score": 6.882740560809533,
      "best_fixed_mean_score": 6.771459628680344,
      "cts_score_ci": [
        6.090770319465184,
        7.720004275107437
      ],
      "fixed_score_ci": [
        6.028658261597805,
        7.779845505147223
      ],
      "improvement_ci": [
        -1.239678099204,
        0.729982073353133
      ],
      "dm_statistic": 0.1286416253642665,
      "dm_pvalue": 0.5511793861698582,
      "n_seeds": 10
    },
    {
      "dataset_name": "synthetic_low",
      "nonstationarity_index": 0.30414750002513796,
      "cts_mean_score": 6.238420283323135,
      "fixed_mean_score": 6.14429823871175,
      "ensemble_mean_score": 6.333778543031944,
      "random_mean_score": 6.368128385612429,
      "cts_coverage": 0.8964000000000001,
      "improvement_over_fixed_pct": -1.4556595309930958,
      "improvement_over_ensemble_pct": 1.5055508976344263,
      "n_steps": 500,
      "elapsed_seconds": 2.5366895939805545,
      "nonstationarity_details": {
        "composite_index": 0.30414750002513796,
        "predictable_ns": 0.02139366010333751,
        "context_predictability": 0.32,
        "score_gap": 0.34264178102052634,
        "spec_diversity": 0.9532906783365565
      },
      "aci_mean_score": 6.2297205228489405,
      "best_fixed_mean_score": 6.105013826851841,
      "cts_score_ci": [
        5.586084268489257,
        6.794233202376307
      ],
      "fixed_score_ci": [
        5.555748566292484,
        6.6579796183686275
      ],
      "improvement_ci": [
        -2.930994434498188,
        0.17467029920002125
      ],
      "dm_statistic": 2.5697170849669426,
      "dm_pvalue": 0.9949109200436699,
      "n_seeds": 10
    },
    {
      "dataset_name": "gefcom_solar",
      "nonstationarity_index": 0.44354125190990257,
      "cts_mean_score": 30.803747375000608,
      "fixed_mean_score": 31.788425659041998,
      "ensemble_mean_score": 29.61551160292212,
      "random_mean_score": 30.506043886516533,
      "cts_coverage": 0.0,
      "improvement_over_fixed_pct": 2.667327564994726,
      "improvement_over_ensemble_pct": -4.012207481032363,
      "n_steps": 450,
      "elapsed_seconds": 53.26322048899601,
      "nonstationarity_details": {
        "composite_index": 0.44354125190990257,
        "predictable_ns": 0.11481404071523868,
        "context_predictability": 0.6244444444444444,
        "score_gap": 1.3125083653448342,
        "spec_diversity": 0.430671157761416
      },
      "aci_mean_score": 28.64904794609621,
      "best_fixed_mean_score": 28.005301841409796,
      "cts_score_ci": [
        25.091555105970745,
        35.72344675041039
      ],
      "fixed_score_ci": [
        26.09012977016529,
        37.17118461878976
      ],
      "improvement_ci": [
        -3.628997928829674,
        9.174163575621426
      ],
      "dm_statistic": -1.5374543137307268,
      "dm_pvalue": 0.062091047312623056,
      "n_seeds": 10
    },
    {
      "dataset_name": "gefcom_wind",
      "nonstationarity_index": 0.39955203081360413,
      "cts_mean_score": 89.16969825671463,
      "fixed_mean_score": 86.74155771974185,
      "ensemble_mean_score": 131.08103695616046,
      "random_mean_score": 136.12434686268293,
      "cts_coverage": 0.0,
      "improvement_over_fixed_pct": -1.201749464572965,
      "improvement_over_ensemble_pct": 31.973609358508963,
      "n_steps": 450,
      "elapsed_seconds": 50.64277415498509,
      "nonstationarity_details": {
        "composite_index": 0.39955203081360413,
        "predictable_ns": 0.0,
        "context_predictability": 0.29777777777777775,
        "score_gap": 2.4553663123403546,
        "spec_diversity": 0.4977601540680204
      },
      "aci_mean_score": 163.6492173129996,
      "best_fixed_mean_score": 89.26354221324536,
      "cts_score_ci": [
        69.92319642023423,
        106.59072094027854
      ],
      "fixed_score_ci": [
        71.1067463986085,
        100.83167730837228
      ],
      "improvement_ci": [
        -6.916934132246809,
        4.721565691898523
      ],
      "dm_statistic": 1.5920020634188305,
      "dm_pvalue": 0.9443078795407768,
      "n_seeds": 10
    },
    {
      "dataset_name": "ETTh1",
      "nonstationarity_index": 0.36827324308006404,
      "cts_mean_score": 8.823350755771234,
      "fixed_mean_score": 8.653215923161408,
      "ensemble_mean_score": 10.455268469250687,
      "random_mean_score": 10.441052017175608,
      "cts_coverage": 0.8881023092308625,
      "improvement_over_fixed_pct": -1.9661456979759222,
      "improvement_over_ensemble_pct": 15.608568237906319,
      "n_steps": 16499,
      "elapsed_seconds": 114.07378164900001,
      "nonstationarity_details": {
        "composite_index": 0.36827324308006404,
        "predictable_ns": 0.0,
        "context_predictability": 0.5482828282828283,
        "score_gap": 0.6930123339514973,
        "spec_diversity": 0.8018477144730742
      },
      "aci_mean_score": 8.458146323107519,
      "best_fixed_mean_score": 8.527169970589933,
      "cts_score_ci": [
        8.816420627866044,
        8.831572675394304
      ],
      "fixed_score_ci": [
        8.653215923161408,
        8.653215923161408
      ],
      "improvement_ci": [
        -2.0521648897113693,
        -1.8859786187429528
      ],
      "dm_statistic": 14.15045455263043,
      "dm_pvalue": 1.0,
      "n_seeds": 10
    },
    {
      "dataset_name": "ETTh2",
      "nonstationarity_index": 0.332582380381368,
      "cts_mean_score": 17.612538978924125,
      "fixed_mean_score": 17.810046501268978,
      "ensemble_mean_score": 20.266328140635892,
      "random_mean_score": 20.239512476030452,
      "cts_coverage": 0.9075822777138007,
      "improvement_over_fixed_pct": 1.1089669099447634,
      "improvement_over_ensemble_pct": 13.094573142682616,
      "n_steps": 16499,
      "elapsed_seconds": 112.73032781900838,
      "nonstationarity_details": {
        "composite_index": 0.332582380381368,
        "predictable_ns": 0.0,