{
  "datasets": [
    {
      "dataset_name": "synthetic_high",
      "nonstationarity_index": 0.2914446039548983,
      "cts_mean_score": 7.107458069885904,
      "fixed_mean_score": 7.069283229561094,
      "ensemble_mean_score": 7.1797828417799066,
      "random_mean_score": 7.169367167868105,
      "cts_coverage": 0.8968,
      "improvement_over_fixed_pct": -0.5211462115243244,
      "improvement_over_ensemble_pct": 1.0073392676046902,
      "n_steps": 500,
      "elapsed_seconds": 3.905439373018453,
      "nonstationarity_details": {
        "composite_index": 0.2914446039548983,
        "predictable_ns": 0.0,
        "context_predictability": 0.2786666666666667,
        "score_gap": 0.33831616113383356,
        "spec_diversity": 0.9497487780737413
      },
      "aci_mean_score": 7.198573543186114,
      "best_fixed_mean_score": 6.99663039908428,
      "cts_score_ci": [
        6.341749225097228,
        7.928268616480853
      ],
      "fixed_score_ci": [
        6.364718493125445,
        7.850795993567967
      ],
      "improvement_ci": [
        -1.6027656342267558,
        0.4830970015519452
      ],
      "dm_statistic": 0.8628309627867038,
      "dm_pvalue": 0.805884793651751,
      "n_seeds": 10
    },
    {
      "dataset_name": "synthetic_medium",
      "nonstationarity_index": 0.2985088244709722,
      "cts_mean_score": 6.862101642324146,
      "fixed_mean_score": 6.819231031537685,
      "ensemble_mean_score": 7.0266229307839065,
      "random_mean_score": 7.026194999411574,
      "cts_coverage": 0.8984,
      "improvement_over_fixed_pct": -0.7091570110833667,
      "improvement_over_ensemble_pct": 2.341399134126909,
      "n_steps": 500,
      "elapsed_seconds": 2.3988124140014406,
      "nonstationarity_details": {
        "composite_index": 0.2985088244709722,
        "predictable_ns": 0.0,
        "context_predictability": 0.31533333333333335,
        "score_gap": 0.3768817145789507,
        "spec_diversity": 0.9272215504864352
      },
      "aci_mean_score": 6.882740560809533,
      "best_fixed_mean_score": 6.771459628680344,
      "cts_score_ci": [
        6.114033729568746,
        7.8007554153567575
      ],
      "fixed_score_ci": [
        6.028658261597805,
        7.779845505147223
      ],
      "improvement_ci": [
        -1.6870431134206678,
        0.20950909787399422
      ],
      "dm_statistic": 0.9570323386944622,
      "dm_pvalue": 0.8307245336540237,
      "n_seeds": 10
    },
    {
      "dataset_name": "synthetic_low",
      "nonstationarity_index": 0.30414750002513796,
      "cts_mean_score": 6.212190402978371,
      "fixed_mean_score": 6.14429823871175,
      "ensemble_mean_score": 6.333778543031944,
      "random_mean_score": 6.368128385612429,
      "cts_coverage": 0.8959999999999999,
      "improvement_over_fixed_pct": -1.0268546936509,
      "improvement_over_ensemble_pct": 1.9196777915028025,
      "n_steps": 500,
      "elapsed_seconds": 2.4865466069895774,
      "nonstationarity_details": {
        "composite_index": 0.30414750002513796,
        "predictable_ns": 0.02139366010333751,
        "context_predictability": 0.32,
        "score_gap": 0.34264178102052634,
        "spec_diversity": 0.9532906783365565
      },
      "aci_mean_score": 6.2297205228489405,
      "best_fixed_mean_score": 6.105013826851841,
      "cts_score_ci": [
        5.5574135270482286,
        6.768011586276815
      ],
      "fixed_score_ci": [
        5.555748566292484,
        6.6579796183686275
      ],
      "improvement_ci": [
        -2.3995787752637225,
        0.33874042067123883
      ],
      "dm_statistic": 1.8062624678708723,
      "dm_pvalue": 0.964561324277362,
      "n_seeds": 10
    },
    {
      "dataset_name": "gefcom_solar",
      "nonstationarity_index": 0.44354125190990257,
      "cts_mean_score": 29.6283914757443,
      "fixed_mean_score": 31.788425659041998,
      "ensemble_mean_score": 29.61551160292212,
      "random_mean_score": 30.506043886516533,
      "cts_coverage": 0.0,
      "improvement_over_fixed_pct": 6.650475224444189,
      "improvement_over_ensemble_pct": -0.04349029317768436,
      "n_steps": 450,
      "elapsed_seconds": 48.48329867699067,
      "nonstationarity_details": {
        "composite_index": 0.44354125190990257,
        "predictable_ns": 0.11481404071523868,
        "context_predictability": 0.6244444444444444,
        "score_gap": 1.3125083653448342,
        "spec_diversity": 0.430671157761416
      },
      "aci_mean_score": 28.64904794609621,
      "best_fixed_mean_score": 28.005301841409796,
      "cts_score_ci": [
        24.13955483285747,
        34.3336449523703
      ],
      "fixed_score_ci": [
        26.09012977016529,
        37.17118461878976
      ],
      "improvement_ci": [
        1.5336513170294517,
        11.975714733231912
      ],
      "dm_statistic": -3.1237158999036017,
      "dm_pvalue": 0.0008929139769250507,
      "n_seeds": 10
    },
    {
      "dataset_name": "gefcom_wind",
      "nonstationarity_index": 0.39955203081360413,
      "cts_mean_score": 87.40121841122806,
      "fixed_mean_score": 86.74155771974185,
      "ensemble_mean_score": 131.08103695616046,
      "random_mean_score": 136.12434686268293,
      "cts_coverage": 0.0,
      "improvement_over_fixed_pct": 0.786758703588041,
      "improvement_over_ensemble_pct": 33.32275938550945,
      "n_steps": 450,
      "elapsed_seconds": 45.86830663701403,
      "nonstationarity_details": {
        "composite_index": 0.39955203081360413,
        "predictable_ns": 0.0,
        "context_predictability": 0.29777777777777775,
        "score_gap": 2.4553663123403546,
        "spec_diversity": 0.4977601540680204
      },
      "aci_mean_score": 163.6492173129996,
      "best_fixed_mean_score": 89.26354221324536,
      "cts_score_ci": [
        68.59323636004481,
        104.06518958703727
      ],
      "fixed_score_ci": [
        71.1067463986085,
        100.83167730837228
      ],
      "improvement_ci": [
        -4.644115675227101,
        6.282667507202638
      ],
      "dm_statistic": 0.446007778468992,
      "dm_pvalue": 0.6722041864097086,
      "n_seeds": 10
    },
    {
      "dataset_name": "ETTh1",
      "nonstationarity_index": 0.36827324308006404,
      "cts_mean_score": 8.759944117754682,
      "fixed_mean_score": 8.653215923161408,
      "ensemble_mean_score": 10.455268469250687,
      "random_mean_score": 10.441052017175608,
      "cts_coverage": 0.8883992969270865,
      "improvement_over_fixed_pct": -1.233393405884954,
      "improvement_over_ensemble_pct": 16.215024573322545,
      "n_steps": 16499,
      "elapsed_seconds": 102.12816263799323,
      "nonstationarity_details": {
        "composite_index": 0.36827324308006404,
        "predictable_ns": 0.0,
        "context_predictability": 0.5482828282828283,
        "score_gap": 0.6930123339514973,
        "spec_diversity": 0.8018477144730742
      },
      "aci_mean_score": 8.458146323107519,
      "best_fixed_mean_score": 8.527169970589933,
      "cts_score_ci": [
        8.750175556294543,
        8.770873715597403
      ],
      "fixed_score_ci": [
        8.653215923161408,
        8.653215923161408
      ],
      "improvement_ci": [
        -1.3580883820331322,
        -1.1227885077968596
      ],
      "dm_statistic": 9.430244394873434,
      "dm_pvalue": 1.0,
      "n_seeds": 10
    },
    {
      "dataset_name": "ETTh2",
      "nonstationarity_index": 0.332582380381368,
      "cts_mean_score": 17.718723519965486,
      "fixed_mean_score": 17.810046501268978,
      "ensemble_mean_score": 20.266328140635892,
      "random_mean_score": 20.239512476030452,
      "cts_coverage": 0.9017213164434207,
      "improvement_over_fixed_pct": 0.5127610492032388,
      "improvement_over_ensemble_pct": 12.570627510772873,
      "n_steps": 16499,
      "elapsed_seconds": 100.59169955097605,
      "nonstationarity_details": {
        "composite_index": 0.332582380381368,
        "predictable_ns": 0.0,